objectid,filename,title,creator,date,description,subject,format,language,rights,rightsstatement
20CS.66.382,test001.jpg,Ape Riding a Gnu,Antoine-Louis Barye,ca. 1845,"This record contains sample data provided by CollectionSpace community members or adapted from open access resources. While the record may reference real artworks, people, and organizations, the information should not be read as an accurate description of any artwork, person, or organization, or of any relationship between the holding institution and CollectionSpace.",,multipart/form-data,eng,Public domain,http://rightsstatements.org/vocab/NoC-US/1.0/
20CS.1982.1.9,test001.jpg,"Cheshire Cat (costume design for Alice-in-Wonderland, 1915)",William Penhallow Henderson,ca. 1915,"This record contains sample data provided by CollectionSpace community members or adapted from open access resources. While the record may reference real artworks, people, and organizations, the information should not be read as an accurate description of any artwork, person, or organization, or of any relationship between the holding institution and CollectionSpace.",literature,multipart/form-data,eng,Public domain,http://rightsstatements.org/vocab/NoC-US/1.0/
"20CS.1941-98-38-a,b",test001.jpg,Lamp,,ca. 1780-1800,"This record contains sample data provided by CollectionSpace community members or adapted from open access resources. While the record may reference real artworks, people, and organizations, the information should not be read as an accurate description of any artwork, person, or organization, or of any relationship between the holding institution and CollectionSpace.",,multipart/form-data,eng,Public domain,http://rightsstatements.org/vocab/NoC-US/1.0/
20CS.2017.85.15,test001.jpg,Poster from Women‚Äôs March on Washington with ‚ÄúI‚Äôm not giving up and neither should you!‚Äù,,ca. 2017,"This record contains sample data provided by CollectionSpace community members or adapted from open access resources. While the record may reference real artworks, people, and organizations, the information should not be read as an accurate description of any artwork, person, or organization, or of any relationship between the holding institution and CollectionSpace.",African American|activism|feminism|humanitarianism|politics|resistance|women,multipart/form-data,eng,Public domain,http://rightsstatements.org/vocab/NoC-US/1.0/
20CS.S2018.1.40,test001.jpg,"Saraswati, folio from a Goddess series",Attributed to Wajid,ca. 1780-1800,"This record contains sample data provided by CollectionSpace community members or adapted from open access resources. While the record may reference real artworks, people, and organizations, the information should not be read as an accurate description of any artwork, person, or organization, or of any relationship between the holding institution and CollectionSpace.",,multipart/form-data,eng,Public domain,http://rightsstatements.org/vocab/NoC-US/1.0/
20CS.2013.118.12,test001.jpg,Poster for Black Gold,,1920-1928,"This record contains sample data provided by CollectionSpace community members or adapted from open access resources. While the record may reference real artworks, people, and organizations, the information should not be read as an accurate description of any artwork, person, or organization, or of any relationship between the holding institution and CollectionSpace.",African American|American West|communities|race films|western films,multipart/form-data,eng,Public domain,http://rightsstatements.org/vocab/NoC-US/1.0/
20CS.001.0004,test001.jpg,Dots Dots Dots,Elizabeth Brown,2015,Morbi tincidunt augue interdum velit euismod in pellentesque massa placerat duis ultricies lacus sed turpis.,,multipart/form-data,eng,Public domain,http://rightsstatements.org/vocab/NoC-US/1.0/
20CS.2013.135.2,test001.jpg,Poster for an All Stars baseball game,,ca. 1930,"This record contains sample data provided by CollectionSpace community members or adapted from open access resources. While the record may reference real artworks, people, and organizations, the information should not be read as an accurate description of any artwork, person, or organization, or of any relationship between the holding institution and CollectionSpace.",African American|athletes|baseball|race relations|segregation,multipart/form-data,eng,Public domain,http://rightsstatements.org/vocab/NoC-US/1.0/
20CS.1942-26-1-a/d,test001.jpg,Lamp,,ca. 1835,"This record contains sample data provided by CollectionSpace community members or adapted from open access resources. While the record may reference real artworks, people, and organizations, the information should not be read as an accurate description of any artwork, person, or organization, or of any relationship between the holding institution and CollectionSpace.",,multipart/form-data,eng,Public domain,http://rightsstatements.org/vocab/NoC-US/1.0/
20CS.1970.355.766,test001.jpg,My First Painting,Mary Vaux Walcott,ca. 1868,"This record contains sample data provided by CollectionSpace community members or adapted from open access resources. While the record may reference real artworks, people, and organizations, the information should not be read as an accurate description of any artwork, person, or organization, or of any relationship between the holding institution and CollectionSpace.",study|botanical study|flower,multipart/form-data,eng,Public domain,http://rightsstatements.org/vocab/NoC-US/1.0/
20CS.1980-32-1194,test001.jpg,Teamwork Builds Ships,William Brown|Eleanor Brown|Tess Brown,ca. 1920,,,multipart/form-data,eng,Public domain,http://rightsstatements.org/vocab/NoC-US/1.0/
20CS.1968.19.6,test001.jpg,The Thundershower (study for painting),H. Lyman Sayen,ca. 1916,"This record contains sample data provided by CollectionSpace community members or adapted from open access resources. While the record may reference real artworks, people, and organizations, the information should not be read as an accurate description of any artwork, person, or organization, or of any relationship between the holding institution and CollectionSpace.",abstract|study|figure group|nude|landscape|weather|shower,multipart/form-data,eng,Public domain,http://rightsstatements.org/vocab/NoC-US/1.0/
20CS.66.3729,test001.jpg,Eakins Hand,Samuel Murray,ca. 1894,"This record contains sample data provided by CollectionSpace community members or adapted from open access resources. While the record may reference real artworks, people, and organizations, the information should not be read as an accurate description of any artwork, person, or organization, or of any relationship between the holding institution and CollectionSpace.",,multipart/form-data,eng,Public domain,http://rightsstatements.org/vocab/NoC-US/1.0/
20CS.1929.8.469.2,test001.jpg,Sculpture,,,"This record contains sample data provided by CollectionSpace community members or adapted from open access resources. While the record may reference real artworks, people, and organizations, the information should not be read as an accurate description of any artwork, person, or organization, or of any relationship between the holding institution and CollectionSpace.",animal|fish,multipart/form-data,eng,Public domain,http://rightsstatements.org/vocab/NoC-US/1.0/
20CS.1994.70,test001.jpg,Poster from the Armory Show,,ca. 1913,"This record contains sample data provided by CollectionSpace community members or adapted from open access resources. While the record may reference real artworks, people, and organizations, the information should not be read as an accurate description of any artwork, person, or organization, or of any relationship between the holding institution and CollectionSpace.",landscape|tree|evergreen|flag|poster,multipart/form-data,eng,Public domain,http://rightsstatements.org/vocab/NoC-US/1.0/
20CS.1949-49-9,test001.jpg,Sculpture,,,"This record contains sample data provided by CollectionSpace community members or adapted from open access resources. While the record may reference real artworks, people, and organizations, the information should not be read as an accurate description of any artwork, person, or organization, or of any relationship between the holding institution and CollectionSpace.",,multipart/form-data,eng,Public domain,http://rightsstatements.org/vocab/NoC-US/1.0/
20CS.1958-72-3,test001.jpg,Lamp,,12th-13th century,"This record contains sample data provided by CollectionSpace community members or adapted from open access resources. While the record may reference real artworks, people, and organizations, the information should not be read as an accurate description of any artwork, person, or organization, or of any relationship between the holding institution and CollectionSpace.",,multipart/form-data,eng,Public domain,http://rightsstatements.org/vocab/NoC-US/1.0/
20CS.F1905.93,test001.jpg,"Lamp, Oil",,14th century,"This record contains sample data provided by CollectionSpace community members or adapted from open access resources. While the record may reference real artworks, people, and organizations, the information should not be read as an accurate description of any artwork, person, or organization, or of any relationship between the holding institution and CollectionSpace.",Syria|Raqqa ware|iridescence,multipart/form-data,eng,Public domain,http://rightsstatements.org/vocab/NoC-US/1.0/
20CS.66.3783,test001.jpg,Head of a Woman,Elie Nadelman,ca. 1907-1908,"This record contains sample data provided by CollectionSpace community members or adapted from open access resources. While the record may reference real artworks, people, and organizations, the information should not be read as an accurate description of any artwork, person, or organization, or of any relationship between the holding institution and CollectionSpace.",,multipart/form-data,eng,Public domain,http://rightsstatements.org/vocab/NoC-US/1.0/
20CS.1951.14.92,test001.jpg,Self Portrait in Painting Robe,Alice Pike Barney,1896,"This record contains sample data provided by CollectionSpace community members or adapted from open access resources. While the record may reference real artworks, people, and organizations, the information should not be read as an accurate description of any artwork, person, or organization, or of any relationship between the holding institution and CollectionSpace.",occupation|art|artist|portrait female|self-portrait,multipart/form-data,eng,Public domain,http://rightsstatements.org/vocab/NoC-US/1.0/